Absolute Magnitude,Orbit Uncertainity,Minimum Orbit Intersection,Neo Reference ID,Name,Orbit ID,Est Dia in KM(min),Est Dia in KM(max),Orbit Determination Date,Hazardous
20.5,0,0.0285212,3022970,3022970,33,0.06,0.06,511,1
20.5,6,0.0256712,3467177,3467177,20,0.06,0.06,349,1
21.6,6,0.0215439,3761480,3761480,21,0.04,0.04,810,1
22.6,2,0.0190291,3092253,3092253,18,0.02,0.02,507,1
18.4,1,0.03814,2434326,2434326,33,0.16,0.16,550,1
21.5,0,0.0377422,2451370,2451370,43,0.04,0.04,540,1
20.6,3,0.00112508,3557843,3557843,30,0.06,0.06,299,1
21.7,1,0.0181098,3025767,3025767,32,0.03,0.03,700,1
21.8,1,0.0112919,3311964,3311964,49,0.03,0.03,430,1
19.6,0,0.014981,2484402,2484402,72,0.09,0.09,744,1
20.3,1,0.0196539,3124996,3124996,18,0.07,0.07,691,1
21.7,2,0.0227346,3715507,3715507,40,0.03,0.03,115,1
21.8,2,0.023663,3653902,3653902,11,0.03,0.03,195,1
20.5,0,0.0129026,2155338,2155338,24,0.06,0.06,649,1
20.7,0,0.0210776,2450270,2450270,27,0.05,0.05,542,1
20.0,1,0.035022,2359170,2359170,24,0.08,0.08,592,1
19.1,1,0.0491135,3479127,3479127,21,0.11,0.11,728,1
17.9,1,0.035299,3602685,3602685,57,0.2,0.2,261,1
21.2,0,0.00300594,3409961,3409961,51,0.04,0.04,384,1
20.2,0,0.0311616,2085990,2085990,229,0.07,0.07,664,1
21.6,0,0.0311029,3170204,3170204,35,0.04,0.04,469,1
18.7,0,0.0242774,2006037,2006037,72,0.14,0.14,763,1
19.9,0,0.026816,2302169,2302169,22,0.08,0.08,608,1
16.9,0,0.0381127,2068346,2068346,190,0.32,0.32,667,1
20.5,1,0.0197962,3436380,3436380,28,0.06,0.06,373,1
19.8,1,0.0206764,3160850,3160850,26,0.08,0.08,472,1
21.5,4,0.00556992,3464007,3464007,24,0.04,0.04,354,1
20.6,4,0.00017745,3754438,3754438,15,0.06,0.06,49,1
17.6,0,0.0100036,2088254,2088254,121,0.23,0.23,786,1
21.457,4,0.0484508,3776278,3776278,9,0.04,0.04,805,1
18.6,0,0.0445167,3549392,3549392,42,0.14,0.14,310,1
17.7,0,0.0379183,2141851,2141851,96,0.22,0.22,821,1
20.0,7,0.0205144,3549694,3549694,23,0.08,0.08,309,1
19.3,5,0.0461669,3743119,3743119,15,0.1,0.1,72,1
22.1,1,0.0113586,3102683,3102683,12,0.03,0.03,493,1
16.25,0,0.025757,2001862,2001862,285,0.43,0.43,713,1
20.9,0,0.002686,3157028,3157028,36,0.05,0.05,476,1
21.3,1,0.00410468,3455100,3455100,31,0.04,0.04,360,1
20.9,0,0.002686,3157028,3157028,36,0.05,0.05,476,1
20.8,0,0.0352052,2455184,2455184,41,0.05,0.05,537,1
20.0,0,0.0254032,3002856,3002856,25,0.08,0.08,522,1
17.9,0,0.010566,2033342,2033342,167,0.2,0.2,673,1
21.9,3,0.0118873,3726791,3726791,42,0.03,0.03,97,1
19.4,0,0.014081,2065679,2065679,87,0.1,0.1,833,1
22.2,1,0.00293641,3063058,3063058,15,0.03,0.03,502,1
20.3,0,0.0182368,3720978,3720978,35,0.07,0.07,108,1
19.0,3,0.015962,3624741,3624741,24,0.12,0.12,233,1
20.8,0,0.0241636,2164202,2164202,73,0.05,0.05,722,1
19.0,0,0.0486794,3596144,3596144,53,0.12,0.12,268,1
18.7,0,0.0170362,2008014,2008014,57,0.14,0.14,676,1
19.8,3,0.0151958,3754386,3754386,45,0.08,0.08,50,1
19.4,0,0.0249707,2413260,2413260,67,0.1,0.1,567,1
21.8,0,0.0265654,3635331,3635331,28,0.03,0.03,220,1
18.1,0,0.0345132,2363505,2363505,236,0.18,0.18,591,1
20.855,2,0.0232265,3555763,3555763,18,0.05,0.05,752,1
18.8,0,0.0234425,3367027,3367027,29,0.13,0.13,414,1
19.7,0,0.00934325,2423709,2423709,94,0.09,0.09,554,1
19.8,0,0.00110985,3550889,3550889,40,0.08,0.08,314,1
20.1,0,0.0454035,2152671,2152671,77,0.07,0.07,655,1
20.9,1,0.0287327,3519490,3519490,27,0.05,0.05,324,1
20.6,1,0.028236,3114027,3114027,10,0.06,0.06,489,1
19.4,0,0.00624191,2470310,2470310,48,0.1,0.1,795,1
19.1,0,0.0140154,3381449,3381449,38,0.11,0.11,687,1
17.6,0,0.00294794,2154276,2154276,87,0.23,0.23,650,1
18.9,1,0.00780919,3669253,3669253,46,0.13,0.13,812,1
20.7,1,0.0242192,3634904,3634904,16,0.05,0.05,221,1
20.6,3,0.0281473,3714452,3714452,17,0.06,0.06,117,1
20.4,0,0.013697,3074754,3074754,30,0.06,0.06,803,1
19.3,0,0.0289041,2385252,2385252,29,0.1,0.1,578,1
19.1,0,0.0271362,2138404,2138404,81,0.11,0.11,716,1
20.6,0,0.0108978,2041429,2041429,68,0.06,0.06,670,1
18.7,0,0.0355664,2235756,2235756,55,0.14,0.14,620,1
17.9,0,0.0238783,2037655,2037655,75,0.2,0.2,671,1
20.4,0,0.017126,2388945,2388945,82,0.06,0.06,573,1
19.1,1,0.0491136,2494975,2494975,30,0.11,0.11,802,1
21.0,1,0.0227551,3634615,3634615,21,0.05,0.05,222,1
21.3,5,0.0427367,3741556,3741556,13,0.04,0.04,780,1
21.0,1,0.038891,3574100,3574100,25,0.05,0.05,284,1
18.2,0,0.00290752,2004660,2004660,105,0.17,0.17,768,1
21.4,0,0.0321026,2465617,2465617,22,0.04,0.04,533,1
20.6,0,0.0118739,2162422,2162422,65,0.06,0.06,645,1
20.9,8,0.0225783,3335613,3335613,10,0.05,0.05,422,1
19.4,0,0.0437754,2471323,2471323,22,0.1,0.1,526,1
16.7,0,0.0260101,2035107,2035107,337,0.35,0.35,673,1
21.2,0,0.00488139,3125003,3125003,29,0.04,0.04,486,1
18.9,0,0.0497275,2267720,2267720,54,0.13,0.13,614,1
20.9,0,0.0364407,3574821,3574821,26,0.05,0.05,283,1
19.4,0,0.0353752,2329437,2329437,149,0.1,0.1,601,1
21.6,0,0.0139591,3137865,3137865,13,0.04,0.04,480,1
21.7,2,0.0218662,3544935,3544935,14,0.03,0.03,317,1
16.8,0,0.000958186,2007482,2007482,96,0.33,0.33,677,1
20.7,0,0.0498954,2416151,2416151,71,0.05,0.05,563,1
18.2,0,0.0260591,2194268,2194268,67,0.17,0.17,632,1
18.3,0,0.0108398,2450894,2450894,67,0.17,0.17,541,1
21.4,0,0.0166242,3046125,3046125,25,0.04,0.04,506,1
18.1,0,0.0193974,2365071,2365071,147,0.18,0.18,589,1
18.2,0,0.00290752,2004660,2004660,105,0.17,0.17,768,1
21.9,3,0.0118873,3726791,3726791,42,0.03,0.03,97,1
21.5,0,0.0377422,2451370,2451370,43,0.04,0.04,540,1
14.4,0,0.0282524,2004183,2004183,350,1.0,1.0,678,1
21.4,7,0.00730241,3556126,3556126,12,0.04,0.04,300,1
19.6,0,0.00644692,2416801,2416801,54,0.09,0.09,562,1
21.2,0,0.0278008,3307228,3307228,26,0.04,0.04,432,1
20.6,0,0.0454314,3682230,3682230,22,0.06,0.06,759,1
20.6,0,0.0108978,2041429,2041429,68,0.06,0.06,670,1
21.2,1,0.00179278,2487577,2487577,49,0.04,0.04,686,1
21.2,0,0.0291767,3752729,3752729,36,0.04,0.04,718,1
16.9,0,0.0203525,2004769,2004769,89,0.32,0.32,680,1
20.4,1,0.000726616,3477577,3477577,28,0.06,0.06,340,1
21.6,2,0.00251047,3567973,3567973,21,0.04,0.04,287,1
21.7,6,0.00575162,3740926,3740926,8,0.03,0.03,75,1
19.9,2,0.0298515,3600242,3600242,19,0.08,0.08,264,1
19.4,0,0.0202174,3120892,3120892,33,0.1,0.1,487,1
19.5,3,0.0490569,3736248,3736248,53,0.09,0.09,84,1
21.3,0,0.0203437,3014110,3014110,26,0.04,0.04,517,1
18.5,0,0.0188446,2297418,2297418,119,0.15,0.15,610,1
19.0,0,0.0201161,2163683,2163683,41,0.12,0.12,640,1
17.6,0,0.0364095,2090403,2090403,154,0.23,0.23,661,1
20.8,0,0.00676109,3703166,3703166,37,0.05,0.05,726,1
19.7,0,0.000659446,2099942,2099942,193,0.09,0.09,0,1
21.0,7,0.00787483,3392084,3392084,15,0.05,0.05,404,1
18.6,0,0.00118835,2085236,2085236,78,0.14,0.14,666,1
21.0,4,0.0214934,3717082,3717082,15,0.05,0.05,113,1
21.1,0,0.0369664,3015691,3015691,33,0.05,0.05,13,1
21.3,5,0.0427367,3741556,3741556,13,0.04,0.04,780,1
20.9,8,0.0142423,3472299,3472299,10,0.05,0.05,344,1
22.1,0,0.00767126,3025766,3025766,24,0.03,0.03,509,1
20.5,5,0.00624978,3770330,3770330,23,0.06,0.06,811,1
19.9,3,0.0248668,3713991,3713991,25,0.08,0.08,120,1
21.6,5,0.0252819,3703080,3703080,17,0.04,0.04,136,1
18.8,0,0.0234425,3367027,3367027,29,0.13,0.13,414,1
21.7,3,0.0482413,3767037,3767037,18,0.03,0.03,688,1
20.8,0,0.000135863,2433953,2433953,77,0.05,0.05,825,1
21.6,1,0.034798,3514799,3514799,25,0.04,0.04,329,1
18.3,1,0.013395,2003362,2003362,23,0.17,0.17,679,1
19.4,1,0.0215286,3373683,3373683,44,0.1,0.1,698,1
20.0,0,0.03227,3182172,3182172,36,0.08,0.08,727,1
19.5,0,0.0369778,3399918,3399918,17,0.09,0.09,397,1
19.5,5,0.0126644,3755203,3755203,9,0.09,0.09,48,1
19.4,0,0.0437754,2471323,2471323,22,0.1,0.1,526,1
21.1,6,0.033471,3758927,3758927,10,0.05,0.05,40,1
19.1,0,0.0423433,2230111,2230111,113,0.11,0.11,622,1
19.8,0,0.0443524,3334817,3334817,37,0.08,0.08,423,1
19.8,0,0.00864628,2267221,2267221,80,0.08,0.08,773,1
19.4,0,0.0441825,3566697,3566697,20,0.1,0.1,7,1
21.6,1,0.0277283,3475236,3475236,24,0.04,0.04,342,1
21.1,5,0.0417191,3661368,3661368,20,0.05,0.05,190,1
21.9,6,0.0440339,3132128,3132128,23,0.03,0.03,482,1
21.0,2,0.00215466,3701883,3701883,18,0.05,0.05,139,1
19.0,0,0.0140013,3252349,3252349,62,0.12,0.12,456,1
21.3,6,0.0196999,3591722,3591722,18,0.04,0.04,273,1
21.4,7,0.028653,3392310,3392310,11,0.04,0.04,403,1
14.4,0,0.0282524,2004183,2004183,350,1.0,1.0,678,1
20.4,1,0.0306929,3479011,3479011,55,0.06,0.06,339,1
18.4,0,0.028314,2175706,2175706,143,0.16,0.16,637,1
20.5,0,0.00471821,2382406,2382406,28,0.06,0.06,579,1
21.7,0,0.0373312,3409688,3409688,67,0.03,0.03,385,1
19.3,0,0.0308138,3275203,3275203,22,0.1,0.1,452,1
21.5,1,0.0453328,3358522,3358522,18,0.04,0.04,416,1
18.2,0,0.00221412,2444193,2444193,60,0.17,0.17,816,1
19.1,1,0.00672532,3601472,3601472,20,0.11,0.11,263,1
21.3,2,0.0190611,3752784,3752784,35,0.04,0.04,54,1
19.7,0,0.00246818,2380636,2380636,53,0.09,0.09,580,1
16.5,0,0.0240976,2068216,2068216,335,0.38,0.38,668,1
21.8,0,0.0436135,2411165,2411165,18,0.03,0.03,568,1
21.1,1,0.0051042,3292769,3292769,21,0.05,0.05,440,1
21.1,0,0.0233345,2455148,2455148,69,0.05,0.05,538,1
22.1,1,0.0113586,3102683,3102683,12,0.03,0.03,493,1
21.5,1,0.0409294,2468910,2468910,28,0.04,0.04,717,1
21.9,7,0.0363997,3714454,3714454,5,0.03,0.03,117,1
21.3,0,0.00157437,3451789,3451789,25,0.04,0.04,362,1
21.0,0,0.0132848,3549618,3549618,31,0.05,0.05,684,1
18.7,4,0.025236,3740498,3740498,25,0.14,0.14,720,1
22.2,0,0.0245325,3370021,3370021,44,0.03,0.03,411,1
19.0,0,0.0167982,2385605,2385605,57,0.12,0.12,577,1
21.8,2,0.00410662,3445070,3445070,21,0.03,0.03,369,1
19.5,1,0.0242684,2482796,2482796,78,0.09,0.09,826,1
18.0,0,0.0132207,2443103,2443103,115,0.19,0.19,690,1
20.3,0,0.0239052,2465633,2465633,32,0.07,0.07,533,1
19.7,2,0.0189675,3685808,3685808,13,0.09,0.09,765,1
18.7,0,0.00197078,2090416,2090416,121,0.14,0.14,660,1
20.5,3,0.0308154,3697798,3697798,19,0.06,0.06,778,1
22.0,0,0.0127543,3449054,3449054,70,0.03,0.03,734,1
21.1,0,0.0370434,2480820,2480820,35,0.05,0.05,523,1
21.5,0,0.0169065,2306383,2306383,30,0.04,0.04,607,1
20.6,3,0.0281473,3714452,3714452,17,0.06,0.06,117,1
21.3,1,0.0474329,3249347,3249347,24,0.04,0.04,458,1
21.0,0,0.017889,2265482,2265482,55,0.05,0.05,730,1
20.2,0,0.0270542,2366746,2366746,38,0.07,0.07,587,1
20.4,1,0.0379013,3714553,3714553,28,0.06,0.06,116,1
20.1,2,0.0317864,3651153,3651153,16,0.07,0.07,200,1
20.2,0,0.0236921,2162361,2162361,81,0.07,0.07,646,1
19.6,0,0.00015193,3579078,3579078,31,0.09,0.09,281,1
17.6,0,0.0265543,2329614,2329614,89,0.23,0.23,600,1
21.0,0,0.0132848,3549618,3549618,31,0.05,0.05,684,1
17.6,0,0.0100036,2088254,2088254,121,0.23,0.23,786,1
17.7,0,0.0291509,2363790,2363790,130,0.22,0.22,590,1
20.19,0,0.0032228,2101955,2101955,95,0.07,0.07,796,1
20.7,0,0.0133526,2208115,2208115,29,0.05,0.05,629,1
18.2,0,0.0275536,2153002,2153002,68,0.17,0.17,714,1
20.4,0,0.0178569,3309828,3309828,31,0.06,0.06,431,1
20.2,0,0.0236921,2162361,2162361,81,0.07,0.07,646,1
21.4,0,0.0280978,2363305,2363305,91,0.04,0.04,697,1
20.8,0,0.0358855,3522123,3522123,26,0.05,0.05,3,1
21.2,0,0.0278008,3307228,3307228,26,0.04,0.04,432,1
18.3,0,0.031732,3461189,3461189,27,0.17,0.17,356,1
18.2,2,0.0389965,3394069,3394069,29,0.17,0.17,401,1
17.0,0,0.0448578,2010115,2010115,154,0.3,0.3,702,1
21.3,0,0.0105299,2234145,2234145,57,0.04,0.04,621,1
21.0,1,0.0379556,3670102,3670102,18,0.05,0.05,762,1
21.3,1,0.00331604,3596845,3596845,22,0.04,0.04,267,1
21.6,2,0.0409175,3672899,3672899,24,0.04,0.04,5,1
19.1,0,0.0430734,2357022,2357022,71,0.11,0.11,593,1
20.8,2,0.0497576,3409964,3409964,32,0.05,0.05,383,1
20.8,0,0.0241636,2164202,2164202,73,0.05,0.05,722,1
19.5,1,0.0242684,2482796,2482796,78,0.09,0.09,826,1
17.5,0,0.0197173,2314082,2314082,55,0.24,0.24,604,1
19.9,0,0.0138031,2068347,2068347,37,0.08,0.08,748,1
20.0,0,0.0192505,2141432,2141432,102,0.08,0.08,657,1
18.9,0,0.0158613,2388188,2388188,75,0.13,0.13,573,1
18.9,0,0.0113716,2440212,2440212,108,0.13,0.13,544,1
20.8,0,0.00933635,2423321,2423321,67,0.05,0.05,555,1
17.4,0,0.00818464,2242643,2242643,73,0.25,0.25,619,1
20.2,0,0.0130652,2333578,2333578,83,0.07,0.07,599,1
21.3,0,0.00157437,3451789,3451789,25,0.04,0.04,362,1
20.3,0,0.00185561,3672669,3672669,42,0.07,0.07,176,1
22.0,7,0.0168435,3102729,3102729,6,0.03,0.03,491,1
18.8,1,0.0160302,2401954,2401954,34,0.13,0.13,749,1
20.7,0,0.042475,3283249,3283249,43,0.05,0.05,724,1
17.9,0,0.010566,2033342,2033342,167,0.2,0.2,673,1
21.2,0,0.00300594,3409961,3409961,51,0.04,0.04,384,1
20.4,1,0.0306929,3479011,3479011,55,0.06,0.06,339,1
19.3,0,0.00216071,2415745,2415745,44,0.1,0.1,564,1
19.5,1,0.0237275,3646599,3646599,74,0.09,0.09,14,1
21.7,2,0.0242856,3753621,3753621,6,0.03,0.03,53,1
19.8,0,0.00208787,2437905,2437905,29,0.08,0.08,547,1
21.3,1,0.00409967,2490354,2490354,32,0.04,0.04,707,1
21.0,7,0.0152314,3707694,3707694,17,0.05,0.05,128,1
22.0,5,0.0100462,3445082,3445082,12,0.03,0.03,368,1
21.1,0,0.0370434,2480820,2480820,35,0.05,0.05,523,1
21.4,2,0.0312601,3623580,3623580,25,0.04,0.04,235,1
19.6,0,0.0121492,2301844,2301844,40,0.09,0.09,609,1
18.4,0,0.026241,2163818,2163818,84,0.16,0.16,639,1
21.0,4,0.00511967,3724058,3724058,68,0.05,0.05,106,1
20.2,0,0.0229268,2382758,2382758,88,0.07,0.07,579,1
20.6,0,0.0346675,2455176,2455176,29,0.06,0.06,536,1
20.6,1,0.0367835,3606252,3606252,64,0.06,0.06,255,1
21.6,2,0.00251047,3567973,3567973,21,0.04,0.04,287,1
16.9,0,0.000589605,2035396,2035396,271,0.32,0.32,672,1
20.1,0,0.00642268,2342866,2342866,51,0.07,0.07,596,1
19.9,0,0.00930409,2162567,2162567,55,0.08,0.08,643,1
20.1,1,0.00799405,3440397,3440397,26,0.07,0.07,372,1
19.4,0,0.0460421,2438661,2438661,35,0.1,0.1,545,1
19.5,0,0.0473248,2352102,2352102,26,0.09,0.09,681,1
18.0,0,0.00449032,3324630,3324630,38,0.19,0.19,427,1
21.3,0,0.00912658,2369057,2369057,33,0.04,0.04,586,1
19.7,0,0.000142954,2177049,2177049,79,0.09,0.09,636,1
19.7,0,0.00609637,2251722,2251722,40,0.09,0.09,618,1
21.2,0,0.0278008,3307228,3307228,26,0.04,0.04,432,1
21.7,6,0.00575162,3740926,3740926,8,0.03,0.03,75,1
20.4,0,0.00858821,3184475,3184475,32,0.06,0.06,745,1
20.1,0,0.00370865,2277475,2277475,89,0.07,0.07,613,1
22.0,6,0.0214794,3387458,3387458,17,0.03,0.03,408,1
17.9,0,0.0451383,2348314,2348314,60,0.2,0.2,595,1
20.1,0,0.00642268,2342866,2342866,51,0.07,0.07,596,1
18.1,0,0.00139343,2405212,2405212,52,0.18,0.18,787,1
18.1,0,0.0311731,2409836,2409836,45,0.18,0.18,569,1
18.2,0,0.0261465,2417871,2417871,46,0.17,0.17,559,1
21.6,2,0.0409175,3672899,3672899,24,0.04,0.04,5,1
21.6,0,0.0303541,3082923,3082923,12,0.04,0.04,496,1
20.8,8,0.0311557,3013039,3013039,13,0.05,0.05,519,1
20.1,8,0.0358974,3078262,3078262,15,0.07,0.07,498,1
21.6,7,0.0397118,3730321,3730321,9,0.04,0.04,92,1
21.3,2,0.0179104,3653537,3653537,26,0.04,0.04,197,1
18.1,0,0.0287437,2386847,2386847,60,0.18,0.18,576,1
18.4,0,0.0233526,2138971,2138971,167,0.16,0.16,658,1
18.3,0,0.0105122,2457768,2457768,31,0.17,0.17,741,1
19.4,0,0.0107072,2462550,2462550,44,0.1,0.1,710,1
18.7,0,0.0355664,2235756,2235756,55,0.14,0.14,620,1
18.3,1,0.013395,2003362,2003362,23,0.17,0.17,679,1
19.8,0,0.00250782,2279744,2279744,39,0.08,0.08,611,1
18.4,0,0.026241,2163818,2163818,84,0.16,0.16,639,1
16.5,1,0.00283189,2163243,2163243,117,0.38,0.38,641,1
21.2,0,0.0443814,3160737,3160737,18,0.04,0.04,474,1
21.6,1,0.0427555,3449591,3449591,19,0.04,0.04,363,1
20.8,6,0.0223565,3279740,3279740,16,0.05,0.05,447,1
19.5,5,0.012568,3761549,3761549,8,0.09,0.09,32,1
21.3,4,0.0140066,3646046,3646046,13,0.04,0.04,207,1
20.9,0,0.0337336,3394543,3394543,34,0.05,0.05,824,1
20.7,0,0.042475,2494710,2494710,47,0.05,0.05,807,1
18.8,0,0.0328837,2162882,2162882,81,0.13,0.13,685,1
20.8,2,0.0497576,3409964,3409964,32,0.05,0.05,383,1
19.4,1,0.020437,2489486,2489486,45,0.1,0.1,706,1
22.0,3,0.0315366,3720440,3720440,13,0.03,0.03,699,1
18.6,0,0.00118835,2085236,2085236,78,0.14,0.14,666,1
19.9,0,0.00296999,2429584,2429584,50,0.08,0.08,552,1
20.0,1,0.0141525,3275512,3275512,26,0.08,0.08,451,1
20.224,4,0.0171437,3771619,3771619,43,0.07,0.07,832,1
20.3,0,0.0361452,2382745,2382745,50,0.07,0.07,579,1
19.5,0,0.0487335,2451003,2451003,42,0.09,0.09,822,1
21.9,2,0.0360908,3626029,3626029,13,0.03,0.03,232,1
18.4,1,0.022942,2436774,2436774,40,0.16,0.16,548,1
21.0,0,0.038564,2451157,2451157,56,0.05,0.05,540,1
16.5,0,0.0137915,2066391,2066391,212,0.38,0.38,785,1
19.9,2,0.0298515,3600242,3600242,19,0.08,0.08,264,1
20.7,0,0.00371747,3305002,3305002,32,0.05,0.05,434,1
21.5,2,0.0266238,3755345,3755345,21,0.04,0.04,761,1
19.8,0,0.00864628,2267221,2267221,80,0.08,0.08,773,1
17.7,0,0.0336461,2022753,2022753,192,0.22,0.22,674,1
20.5,0,0.00179697,2438908,2438908,68,0.06,0.06,545,1
20.5,0,0.00471821,2382406,2382406,28,0.06,0.06,579,1
19.8,1,0.0438023,2202683,2202683,29,0.08,0.08,631,1
20.0,2,0.0331774,3455137,3455137,28,0.08,0.08,359,1
21.3,0,0.00234208,3638380,3638380,17,0.04,0.04,216,1
19.3,0,0.00924442,2357439,2357439,94,0.1,0.1,719,1
20.3,2,0.0052176,3690051,3690051,37,0.07,0.07,158,1
20.6,0,0.01201,2162120,2162120,49,0.06,0.06,783,1
21.6,1,0.034798,3514799,3514799,25,0.04,0.04,329,1
21.9,2,0.0360908,3626029,3626029,13,0.03,0.03,232,1
17.7,0,0.0336461,2022753,2022753,192,0.22,0.22,674,1
21.7,0,0.0322578,3508112,3508112,41,0.03,0.03,333,1
18.2,0,0.0186866,2466130,2466130,37,0.17,0.17,531,1
19.7,0,0.0400648,3463175,3463175,23,0.09,0.09,742,1
21.9,0,0.00047866,2308635,2308635,126,0.03,0.03,801,1
20.0,5,0.0447622,3590266,3590266,19,0.08,0.08,275,1
19.6,0,0.0142281,3397922,3397922,45,0.09,0.09,16,1
18.7,0,0.0445011,2206378,2206378,172,0.14,0.14,630,1
20.4,1,0.0311462,2490581,2490581,56,0.06,0.06,708,1
21.2,2,0.0189953,3092474,3092474,9,0.04,0.04,494,1
21.6,2,0.0409175,3672899,3672899,24,0.04,0.04,5,1
21.5,2,0.0266238,3755345,3755345,21,0.04,0.04,761,1
20.0,0,0.00475006,2386454,2386454,28,0.08,0.08,577,1
21.8,0,0.0436135,2411165,2411165,18,0.03,0.03,568,1
20.3,2,0.00596999,2458116,2458116,31,0.07,0.07,534,1
20.9,0,0.0482532,2417419,2417419,51,0.05,0.05,560,1
20.4,0,0.00192041,2387668,2387668,38,0.06,0.06,575,1
21.5,1,0.0409294,2468910,2468910,28,0.04,0.04,717,1
19.3,0,0.000639127,2442037,2442037,82,0.1,0.1,543,1
20.3,1,0.0196539,3124996,3124996,18,0.07,0.07,691,1
20.6,2,0.044003,3734189,3734189,49,0.06,0.06,86,1
20.1,1,0.0460757,3732675,3732675,67,0.07,0.07,794,1
20.5,0,0.0298516,2419624,2419624,75,0.06,0.06,557,1
20.3,5,0.0143447,3586027,3586027,12,0.07,0.07,277,1
21.9,1,0.0234636,3352549,3352549,85,0.03,0.03,417,1
20.2,0,0.00661698,2179806,2179806,62,0.07,0.07,635,1
20.2,0,0.0393898,3644702,3644702,43,0.07,0.07,753,1
18.6,0,0.0303685,2349507,2349507,73,0.14,0.14,594,1
21.0,0,0.0136634,3022969,3022969,62,0.05,0.05,12,1
18.4,2,0.0190746,3427794,3427794,92,0.16,0.16,377,1
19.1,0,0.0423433,2230111,2230111,113,0.11,0.11,622,1
21.2,0,0.0155214,3350632,3350632,34,0.04,0.04,11,1
19.8,0,0.0474637,2250680,2250680,31,0.08,0.08,774,1
21.6,7,0.0402208,3604618,3604618,9,0.04,0.04,259,1
19.3,0,0.0164621,2277570,2277570,47,0.1,0.1,612,1
20.1,0,0.0100337,3401432,3401432,19,0.07,0.07,395,1
21.6,3,0.022444,3711785,3711785,45,0.04,0.04,123,1
21.3,1,0.00409967,2490354,2490354,32,0.04,0.04,707,1
21.9,0,0.0286286,3601341,3601341,24,0.03,0.03,709,1
19.1,0,0.0423433,2230111,2230111,113,0.11,0.11,622,1
21.3,1,0.0133879,3256319,3256319,16,0.04,0.04,789,1
19.3,1,0.0093516,3744785,3744785,30,0.1,0.1,67,1
17.1,0,0.0480717,2085989,2085989,289,0.29,0.29,665,1
21.1,2,0.0104914,3515377,3515377,49,0.05,0.05,327,1
20.8,2,0.0497576,3409964,3409964,32,0.05,0.05,383,1
18.1,0,0.0345132,2363505,2363505,236,0.18,0.18,591,1
21.3,7,0.00779389,3448993,3448993,12,0.04,0.04,365,1
20.9,0,0.0337336,3394543,3394543,34,0.05,0.05,824,1
20.9,1,0.012061,3170203,3170203,45,0.05,0.05,470,1
20.2,0,0.00687373,2002340,2002340,60,0.07,0.07,1,1
20.4,1,0.0379013,3714553,3714553,28,0.06,0.06,116,1
21.2,0,0.0192598,3597095,3597095,38,0.04,0.04,793,1
16.5,0,0.0436453,2308242,2308242,75,0.38,0.38,606,1
20.7,0,0.0357698,2418849,2418849,39,0.05,0.05,751,1
20.3,4,0.0340857,3740808,3740808,22,0.07,0.07,77,1
18.8,0,0.0181583,2374158,2374158,54,0.13,0.13,584,1
19.3,0,0.0287566,2477519,2477519,51,0.1,0.1,820,1
18.5,1,0.0116339,3640745,3640745,33,0.15,0.15,739,1
17.2,0,0.0389748,2153311,2153311,64,0.28,0.28,652,1
19.4,0,0.00539934,2152680,2152680,28,0.1,0.1,655,1
20.9,0,0.0337336,3394543,3394543,34,0.05,0.05,824,1
20.2,0,0.0288979,2089136,2089136,156,0.07,0.07,662,1
21.4,6,0.021474,3736502,3736502,17,0.04,0.04,83,1
20.0,1,0.035022,2359170,2359170,24,0.08,0.08,592,1
21.7,0,0.0432045,3485260,3485260,25,0.03,0.03,335,1
19.4,0,0.00539934,2152680,2152680,28,0.1,0.1,655,1
19.9,3,0.011885,3743605,3743605,21,0.08,0.08,71,1
20.9,0,0.0157001,2474163,2474163,70,0.05,0.05,525,1
17.6,0,0.0100036,2088254,2088254,121,0.23,0.23,786,1
21.1,8,0.0453591,3589298,3589298,5,0.05,0.05,276,1
18.3,0,0.0317549,2153958,2153958,106,0.17,0.17,651,1
17.5,0,0.0260357,2162510,2162510,111,0.24,0.24,644,1
22.1,0,0.00767126,3025766,3025766,24,0.03,0.03,509,1
21.3,1,0.00410468,3455100,3455100,31,0.04,0.04,360,1
21.0,0,0.038564,2451157,2451157,56,0.05,0.05,540,1
20.2,0,0.0130652,2333578,2333578,83,0.07,0.07,599,1
18.4,0,0.028314,2175706,2175706,143,0.16,0.16,637,1
21.4,1,0.0169751,3388081,3388081,22,0.04,0.04,407,1
20.1,0,0.0153549,3608936,3608936,26,0.07,0.07,249,1
19.7,0,0.000659446,2099942,2099942,193,0.09,0.09,0,1
21.7,1,0.0181098,3025767,3025767,32,0.03,0.03,700,1
21.7,1,0.0181806,2488490,2488490,34,0.03,0.03,711,1
20.6,1,0.0439084,3558387,3558387,26,0.06,0.06,297,1
22.0,0,0.0325955,3253151,3253151,20,0.03,0.03,827,1
18.7,0,0.018997,2438105,2438105,64,0.14,0.14,546,1
18.6,1,0.0300973,2414286,2414286,55,0.14,0.14,566,1
19.0,0,0.0140013,3252349,3252349,62,0.12,0.12,456,1
21.959,7,0.00468478,3781344,3781344,5,0.03,0.03,819,1
21.3,0,0.0220841,3661493,3661493,20,0.04,0.04,824,1
20.5,4,0.0484137,3723951,3723951,11,0.06,0.06,106,1
19.5,1,0.0224044,3562322,3562322,19,0.09,0.09,291,1
20.6,0,0.0355235,2216523,2216523,67,0.06,0.06,626,1
20.6,1,0.0439084,3558387,3558387,26,0.06,0.06,297,1
21.8,7,0.0372144,3020976,3020976,11,0.03,0.03,513,1
18.6,0,0.00191348,2171576,2171576,56,0.14,0.14,638,1
20.4,0,0.0178569,3309828,3309828,31,0.06,0.06,431,1
21.7,1,0.0288226,3278078,3278078,15,0.03,0.03,448,1
20.1,0,0.00370865,2277475,2277475,89,0.07,0.07,613,1
21.6,1,0.0277283,3475236,3475236,24,0.04,0.04,342,1
21.5,2,0.0390347,3703314,3703314,22,0.04,0.04,135,1
19.9,0,0.0138031,2068347,2068347,37,0.08,0.08,748,1
21.8,4,0.0214322,3553279,3553279,19,0.03,0.03,303,1
20.8,0,0.0241636,2164202,2164202,73,0.05,0.05,722,1
20.8,0,0.0441545,3028805,3028805,33,0.05,0.05,508,1
21.7,5,0.0012832,3689353,3689353,6,0.03,0.03,159,1
19.3,1,0.0098717,3572706,3572706,18,0.1,0.1,764,1
21.1,5,0.0479888,3747314,3747314,22,0.05,0.05,781,1
19.5,0,0.0282692,2378160,2378160,48,0.09,0.09,581,1
22.0,0,0.0326204,3486442,3486442,20,0.03,0.03,334,1
21.6,0,0.0212139,3170231,3170231,26,0.04,0.04,468,1
17.6,0,0.0399452,2154302,2154302,50,0.23,0.23,743,1
21.7,3,0.0353902,3763276,3763276,19,0.03,0.03,760,1
19.5,0,0.00190026,2373135,2373135,63,0.09,0.09,585,1
19.8,0,0.0318572,2232691,2232691,95,0.08,0.08,756,1
17.9,0,0.010566,2033342,2033342,167,0.2,0.2,673,1
20.8,3,0.038909,3520666,3520666,26,0.05,0.05,323,1
19.8,0,0.0175048,2067381,2067381,52,0.08,0.08,792,1
19.4,6,0.0242607,3757411,3757411,7,0.1,0.1,42,1
18.4,1,0.03814,2434326,2434326,33,0.16,0.16,550,1
21.1,0,0.0369664,3015691,3015691,33,0.05,0.05,13,1
19.5,0,0.0439791,3288441,3288441,30,0.09,0.09,444,1
20.3,2,0.0449381,3666783,3666783,13,0.07,0.07,183,1
20.0,2,0.0331774,3455137,3455137,28,0.08,0.08,359,1
18.4,0,0.0422613,2417211,2417211,71,0.16,0.16,561,1
20.4,6,0.0164728,3744153,3744153,15,0.06,0.06,68,1
20.3,1,0.0298212,3634185,3634185,30,0.07,0.07,225,1
18.3,0,0.00101423,2141495,2141495,146,0.17,0.17,656,1
21.4,1,0.02399,3370167,3370167,26,0.04,0.04,411,1
19.7,0,0.0290384,3694987,3694987,26,0.09,0.09,146,1
17.4,0,0.0223148,2009856,2009856,80,0.25,0.25,675,1
21.6,1,0.031109,3646734,3646734,19,0.04,0.04,206,1
21.2,4,0.0202681,3704141,3704141,24,0.04,0.04,131,1
20.3,0,0.0343186,3127406,3127406,41,0.07,0.07,2,1
21.5,1,0.0409294,2468910,2468910,28,0.04,0.04,717,1
20.9,2,0.000867375,3553283,3553283,31,0.05,0.05,302,1
21.7,0,0.00557885,2465824,2465824,38,0.03,0.03,532,1
19.6,0,0.0340999,2038071,2038071,50,0.09,0.09,671,1
18.0,0,0.0365482,2455299,2455299,96,0.19,0.19,535,1
21.7,1,0.0354341,3582516,3582516,22,0.03,0.03,279,1
19.1,0,0.0430734,2357022,2357022,71,0.11,0.11,593,1
19.9,0,0.0118426,3398652,3398652,38,0.08,0.08,398,1
19.3,0,0.00132059,2162173,2162173,117,0.1,0.1,647,1
21.1,1,0.0251441,3559842,3559842,13,0.05,0.05,296,1
19.0,0,0.0338689,2221980,2221980,24,0.12,0.12,623,1
21.9,1,0.0343382,2365424,2365424,26,0.03,0.03,588,1
21.4,1,0.02399,3370167,3370167,26,0.04,0.04,411,1
21.2,0,0.0483128,2152828,2152828,36,0.04,0.04,654,1
20.1,0,0.00257518,3412889,3412889,66,0.07,0.07,381,1
20.6,9,0.0242275,3019647,3019647,16,0.06,0.06,512,1
19.3,0,0.0173652,2418094,2418094,72,0.1,0.1,746,1
21.3,0,0.00234208,3638380,3638380,17,0.04,0.04,216,1
21.3,4,0.00550595,3739011,3739011,24,0.04,0.04,81,1
19.683,5,0.00859022,3775155,3775155,2,0.09,0.09,814,1
20.3,2,0.0449381,3666783,3666783,13,0.07,0.07,183,1
20.3,0,0.0196297,3014117,3014117,35,0.07,0.07,516,1
21.1,5,0.0494511,3367903,3367903,20,0.05,0.05,412,1
19.6,1,0.00475891,3520755,3520755,23,0.09,0.09,725,1
17.1,0,0.0218133,2138127,2138127,91,0.29,0.29,659,1
21.7,1,0.0181098,3025767,3025767,32,0.03,0.03,700,1
19.6,4,0.0327154,3766499,3766499,8,0.09,0.09,808,1
20.7,0,0.00333577,3614980,3614980,19,0.05,0.05,239,1
20.3,0,0.00862379,2138175,2138175,157,0.07,0.07,659,1
18.0,0,0.0132207,2443103,2443103,115,0.19,0.19,690,1
20.0,1,0.0113181,3393169,3393169,36,0.08,0.08,402,1
21.5,2,0.0266238,3755345,3755345,21,0.04,0.04,761,1
21.4,4,0.0301536,3521439,3521439,30,0.04,0.04,322,1
21.4,1,0.0298549,3346460,3346460,30,0.04,0.04,419,1
19.0,8,0.0409558,3550084,3550084,15,0.12,0.12,308,1
20.8,0,0.0343851,2468727,2468727,29,0.05,0.05,529,1
21.5,0,0.01411,3551067,3551067,18,0.04,0.04,809,1
22.0,1,0.013789,3390647,3390647,22,0.03,0.03,405,1
18.6,1,0.0369792,3334436,3334436,28,0.14,0.14,423,1
18.4,1,0.03814,2434326,2434326,33,0.16,0.16,550,1
20.4,6,0.0111448,3672960,3672960,8,0.06,0.06,173,1
19.7,2,0.0189675,3685808,3685808,13,0.09,0.09,765,1
20.5,0,0.00471821,2382406,2382406,28,0.06,0.06,579,1
21.2,1,0.00205491,3703071,3703071,42,0.04,0.04,17,1
21.9,0,0.0228688,3350633,3350633,29,0.03,0.03,817,1
20.8,0,0.0343851,2468727,2468727,29,0.05,0.05,529,1
21.2,6,0.0427117,3653699,3653699,23,0.04,0.04,196,1
19.2,0,0.0217859,3092385,3092385,7,0.11,0.11,495,1
19.4,0,0.0820877,2376848,2376848,51,0.1,0.1,582,0
22.6,7,0.0675843,3766177,3766177,7,0.02,0.02,27,0
16.7,0,0.256265,2212359,2212359,94,0.35,0.35,627,0
18.9,2,0.127016,3596676,3596676,17,0.13,0.13,784,0
22.6,3,0.219768,3704145,3704145,13,0.02,0.02,130,0
27.4,6,0.00462406,3644727,3644727,6,0.0,0.0,212,0
24.2,8,0.186384,3703779,3703779,7,0.01,0.01,132,0
25.7,7,0.00258718,3710218,3710218,4,0.0,0.0,125,0
26.7,7,0.0033078,3729233,3729233,7,0.0,0.0,94,0
19.3,0,0.124796,2322705,2322705,30,0.1,0.1,602,0
24.3,7,0.077424,3608622,3608622,7,0.01,0.01,250,0
23.0,6,0.225866,3749073,3749073,3,0.02,0.02,58,0
24.3,7,0.0250982,3714003,3714003,4,0.01,0.01,119,0
24.5,7,0.0370423,3752014,3752014,10,0.01,0.01,750,0
21.7,6,0.0708977,3733852,3733852,15,0.03,0.03,88,0
27.3,7,0.00231865,3054338,3054338,11,0.0,0.0,504,0
22.5,5,0.00229126,3766361,3766361,24,0.02,0.02,25,0
24.786,7,0.0066701,3780733,3780733,3,0.01,0.01,791,0
18.1,0,0.343076,2222073,2222073,113,0.18,0.18,818,0
22.3,1,0.118813,3065518,3065518,15,0.03,0.03,502,0
18.8,1,0.144631,3643993,3643993,37,0.13,0.13,213,0
22.3,3,0.0752498,3602572,3602572,26,0.03,0.03,262,0
23.1,9,0.0118346,3754342,3754342,3,0.02,0.02,51,0
22.3,0,0.00535155,3117466,3117466,49,0.03,0.03,799,0
22.1,1,0.095436,3514891,3514891,19,0.03,0.03,328,0
22.2,5,0.176152,3723815,3723815,12,0.03,0.03,107,0
27.4,7,0.00184403,3647009,3647009,7,0.0,0.0,205,0
18.0,0,0.0888206,2250458,2250458,102,0.19,0.19,830,0
25.8,7,0.01823,3576785,3576785,12,0.0,0.0,282,0
20.5,1,0.154706,2365449,2365449,57,0.06,0.06,769,0
23.6,0,0.0361478,3381260,3381260,20,0.01,0.01,831,0
24.0,8,0.00928003,3604181,3604181,9,0.01,0.01,260,0
25.4,4,0.00645835,3743902,3743902,18,0.01,0.01,69,0
22.9,6,0.151816,3563424,3563424,11,0.02,0.02,289,0
26.9,5,0.00167933,3669052,3669052,12,0.0,0.0,180,0
21.8,5,0.257034,3740823,3740823,15,0.03,0.03,76,0
21.0,3,0.219446,3678562,3678562,16,0.05,0.05,726,0
18.6,0,0.0822605,2408980,2408980,69,0.14,0.14,570,0
19.3,4,0.142426,3721991,3721991,14,0.1,0.1,779,0
22.3,1,0.0252137,3568329,3568329,23,0.03,0.03,286,0
19.8,0,0.0568928,2310842,2310842,94,0.08,0.08,605,0
27.6,6,0.000161065,3752572,3752572,14,0.0,0.0,55,0
22.1,0,0.0549144,3277704,3277704,18,0.03,0.03,449,0
23.117,6,0.165062,3775094,3775094,6,0.02,0.02,754,0
20.0,0,0.12367,2489453,2489453,18,0.08,0.08,705,0
19.3,0,0.163875,2468738,2468738,88,0.1,0.1,528,0
22.9,2,0.0031712,3720359,3720359,32,0.02,0.02,683,0
19.6,0,0.29851,3516632,3516632,34,0.09,0.09,326,0
20.7,1,0.121499,3662283,3662283,16,0.05,0.05,188,0
19.1,0,0.280942,2141531,2141531,158,0.11,0.11,715,0
19.4,0,0.0639475,2163191,2163191,67,0.1,0.1,806,0
18.8,0,0.143818,2397847,2397847,45,0.13,0.13,571,0
19.0,0,0.192747,2338292,2338292,52,0.12,0.12,597,0
26.5,5,0.00794758,3596037,3596037,15,0.0,0.0,269,0
20.6,2,0.183818,3447920,3447920,42,0.06,0.06,366,0
22.6,5,0.00776419,3745032,3745032,17,0.02,0.02,64,0
26.2,7,0.0186425,3748479,3748479,4,0.0,0.0,59,0
22.3,3,0.0259126,3666785,3666785,29,0.03,0.03,184,0
21.424,6,0.0890355,3771614,3771614,9,0.04,0.04,733,0
20.5,2,0.115461,3672904,3672904,17,0.06,0.06,174,0
23.8,8,0.0761115,3674023,3674023,4,0.01,0.01,169,0
24.3,7,0.0444187,3328630,3328630,13,0.01,0.01,481,0
24.4,7,0.0731904,3607823,3607823,8,0.01,0.01,252,0
23.2,6,0.00376648,3407480,3407480,18,0.02,0.02,388,0
22.9,8,0.0599369,3624076,3624076,5,0.02,0.02,234,0
18.7,0,0.244072,3607400,3607400,45,0.14,0.14,734,0
27.9,8,0.000347682,3449132,3449132,7,0.0,0.0,364,0
26.6,6,0.00198323,3325502,3325502,11,0.0,0.0,426,0
28.4,6,0.000380249,3715468,3715468,5,0.0,0.0,115,0
24.2,6,0.036039,3655398,3655398,9,0.01,0.01,192,0
20.2,0,0.259792,3508162,3508162,25,0.07,0.07,331,0
23.1,6,0.0226427,3395956,3395956,9,0.02,0.02,399,0
23.9,6,0.0129264,3063789,3063789,11,0.01,0.01,502,0
19.8,0,0.127077,2434632,2434632,44,0.08,0.08,549,0
22.2,6,0.0319295,3333489,3333489,16,0.03,0.03,424,0
18.2,1,0.125901,2086450,2086450,83,0.17,0.17,663,0
18.7,0,0.131875,2217013,2217013,87,0.14,0.14,625,0
28.0,4,0.00193815,3548887,3548887,13,0.0,0.0,311,0
18.9,0,0.157706,2234341,2234341,66,0.13,0.13,621,0
26.2,8,0.0627315,3714120,3714120,8,0.0,0.0,118,0
21.0,3,0.0607186,3672907,3672907,12,0.05,0.05,175,0
20.6,1,0.147028,3543621,3543621,15,0.06,0.06,318,0
25.5,1,0.0115803,2478784,2478784,35,0.01,0.01,757,0
24.4,6,0.00908397,3761271,3761271,3,0.01,0.01,34,0
20.2,0,0.119386,3573154,3573154,49,0.07,0.07,285,0
26.1,6,0.00746229,3518265,3518265,8,0.0,0.0,325,0
18.7,0,0.256947,2318050,2318050,44,0.14,0.14,603,0
18.2,0,0.0578928,2162004,2162004,165,0.17,0.17,648,0
26.5,6,0.0262503,3297379,3297379,7,0.0,0.0,436,0
22.8,0,0.0549457,3669254,3669254,28,0.02,0.02,704,0
20.594,6,0.130763,3776268,3776268,3,0.06,0.06,755,0
19.2,0,0.068965,3439813,3439813,47,0.11,0.11,10,0
20.2,2,0.296552,3606269,3606269,26,0.07,0.07,254,0
19.0,0,0.105547,2396593,2396593,52,0.12,0.12,572,0
22.8,7,0.0189179,3404524,3404524,11,0.02,0.02,392,0
21.2,6,0.0667857,3684008,3684008,6,0.04,0.04,165,0
21.9,5,0.175686,3756947,3756947,15,0.03,0.03,45,0
23.6,5,0.0586937,3645085,3645085,15,0.01,0.01,210,0
23.6,7,0.00578825,3655366,3655366,12,0.01,0.01,193,0
25.7,8,0.0363903,3454525,3454525,8,0.0,0.0,361,0
24.5,7,0.0804551,3691088,3691088,10,0.01,0.01,156,0
24.8,7,0.0106654,3114026,3114026,9,0.01,0.01,490,0
24.6,6,0.000535153,3367721,3367721,9,0.01,0.01,413,0
20.1,2,0.127091,3285073,3285073,41,0.07,0.07,445,0
20.0,0,0.240288,3314405,3314405,27,0.08,0.08,712,0
22.0,2,0.125474,3401381,3401381,18,0.03,0.03,396,0
24.3,7,0.0390489,3177208,3177208,13,0.01,0.01,464,0
20.4,0,0.0538301,3283835,3283835,54,0.06,0.06,8,0
25.579,6,0.0580781,3773593,3773593,2,0.01,0.01,20,0
24.2,0,0.034775,2469219,2469219,24,0.01,0.01,788,0
23.9,7,0.0571722,3728934,3728934,9,0.01,0.01,95,0
18.5,0,0.248648,2015817,2015817,67,0.15,0.15,828,0
22.0,1,0.028505,3092226,3092226,14,0.03,0.03,513,0
28.7,5,0.00112943,3390109,3390109,20,0.0,0.0,405,0
17.5,0,0.175623,2162483,2162483,69,0.24,0.24,645,0
22.8,6,0.249515,3757397,3757397,14,0.02,0.02,43,0
23.3,5,0.018281,3429818,3429818,15,0.02,0.02,375,0
21.3,7,0.0868135,3740102,3740102,9,0.04,0.04,78,0
25.5,3,0.00242328,3012392,3012392,27,0.01,0.01,518,0
24.8,8,0.0126299,3117436,3117436,12,0.01,0.01,488,0
24.5,9,0.00855592,3092221,3092221,11,0.01,0.01,514,0
27.2,8,0.00815142,3638508,3638508,5,0.0,0.0,215,0
19.4,0,0.160617,3174203,3174203,22,0.1,0.1,467,0
24.7,5,0.0597776,3652982,3652982,16,0.01,0.01,198,0
24.1,6,0.00335624,3182823,3182823,15,0.01,0.01,459,0
22.3,0,0.041028,3471140,3471140,28,0.03,0.03,346,0
19.6,2,0.254285,3695816,3695816,23,0.09,0.09,144,0
23.4,0,0.051852,3743123,3743123,15,0.02,0.02,798,0
19.7,4,0.0505682,3763621,3763621,20,0.09,0.09,767,0
26.5,8,0.00438704,3313730,3313730,8,0.0,0.0,429,0
23.2,7,0.142193,3343101,3343101,11,0.02,0.02,420,0
26.0,6,0.0190403,3673825,3673825,9,0.0,0.0,171,0
21.0,2,0.164167,3410474,3410474,17,0.05,0.05,382,0
27.2,7,0.00758817,3180192,3180192,7,0.0,0.0,460,0
23.7,5,0.118432,3694776,3694776,17,0.01,0.01,148,0
26.4,7,0.0700206,3748554,3748554,7,0.0,0.0,57,0
26.6,7,0.0042684,3555769,3555769,6,0.0,0.0,301,0
25.5,8,0.00928086,3454895,3454895,10,0.01,0.01,360,0
22.7,1,0.300639,3092310,3092310,12,0.02,0.02,497,0
24.8,6,0.000330703,3695411,3695411,11,0.01,0.01,145,0
28.5,6,0.00167536,3558379,3558379,9,0.0,0.0,298,0
20.8,1,0.241921,3520762,3520762,17,0.05,0.05,800,0
26.5,5,0.00794758,3596037,3596037,15,0.0,0.0,269,0
26.002,7,0.0245053,3267071,3267071,9,0.0,0.0,455,0
24.6,6,0.000535153,3367721,3367721,9,0.01,0.01,413,0
17.8,0,0.151602,2090367,2090367,105,0.21,0.21,661,0
25.712,6,0.0396656,3775208,3775208,4,0.0,0.0,738,0
19.7,1,0.295518,3563921,3563921,26,0.09,0.09,15,0
20.3,6,0.236907,3580319,3580319,7,0.07,0.07,280,0
22.3,1,0.0322554,3046149,3046149,15,0.03,0.03,505,0
16.8,0,0.330655,2189552,2189552,104,0.33,0.33,634,0
20.3,4,0.0865086,3632236,3632236,18,0.07,0.07,229,0
19.4,4,0.0923552,3713990,3713990,27,0.1,0.1,120,0
22.4,5,0.151611,3631851,3631851,33,0.02,0.02,230,0
23.0,1,0.0212131,3596097,3596097,21,0.02,0.02,271,0
20.0,0,0.143959,3160727,3160727,38,0.08,0.08,475,0
20.1,0,0.263067,3164411,3164411,24,0.07,0.07,471,0
27.5,2,0.00878432,3600105,3600105,18,0.0,0.0,265,0
20.1,1,0.202259,3610170,3610170,25,0.07,0.07,245,0
26.5,8,0.0291967,3743745,3743745,7,0.0,0.0,70,0
24.8,7,0.0187724,3751828,3751828,6,0.01,0.01,56,0
18.3,0,0.196355,2337118,2337118,51,0.17,0.17,598,0
21.1,1,0.12718,3373174,3373174,15,0.05,0.05,410,0
19.5,0,0.139453,2476093,2476093,27,0.09,0.09,524,0
20.6,1,0.254043,2424969,2424969,25,0.06,0.06,553,0
24.4,6,0.0618955,3718321,3718321,10,0.01,0.01,112,0
24.3,7,0.00774014,3546703,3546703,9,0.01,0.01,315,0
24.8,7,0.0200868,3647016,3647016,9,0.01,0.01,204,0
20.5,1,0.154706,2365449,2365449,57,0.06,0.06,769,0
24.8,8,0.0400544,3698476,3698476,5,0.01,0.01,142,0
23.2,9,0.0262484,3733259,3733259,6,0.02,0.02,89,0
22.3,3,0.204617,3752903,3752903,13,0.03,0.03,732,0
24.4,0,0.0601388,3409646,3409646,12,0.01,0.01,682,0
25.132,8,0.0126979,3774574,3774574,1,0.01,0.01,703,0
21.8,0,0.275615,3346470,3346470,16,0.03,0.03,419,0
21.7,2,0.0924772,3644087,3644087,18,0.03,0.03,735,0
17.1,0,0.299212,2190119,2190119,50,0.29,0.29,633,0
24.8,7,0.00636869,3645193,3645193,9,0.01,0.01,209,0
21.4,0,0.054794,3467314,3467314,57,0.04,0.04,9,0
26.9,7,0.00942737,3303217,3303217,9,0.0,0.0,435,0
20.0,0,0.157236,2414960,2414960,70,0.08,0.08,565,0
24.6,7,0.0659485,3445544,3445544,7,0.01,0.01,367,0
19.2,0,0.145443,3160728,3160728,37,0.11,0.11,475,0
23.7,0,0.0822659,3527904,3527904,17,0.01,0.01,320,0
18.62,6,0.0749289,3780063,3780063,1,0.14,0.14,782,0
26.9,7,0.0336951,3748472,3748472,4,0.0,0.0,60,0
21.5,4,0.0728584,3673545,3673545,8,0.04,0.04,172,0
22.5,3,0.117067,3633139,3633139,26,0.02,0.02,227,0
28.0,4,0.00193815,3548887,3548887,13,0.0,0.0,311,0
25.3,8,0.0256218,3682927,3682927,5,0.01,0.01,167,0
15.9,0,0.211635,2138925,2138925,116,0.5,0.5,775,0
26.9,7,0.0205245,3432639,3432639,9,0.0,0.0,374,0
24.4,5,0.0160037,3672464,3672464,8,0.01,0.01,177,0
20.3,0,0.276731,3654529,3654529,12,0.07,0.07,194,0
23.3,2,0.191699,3667136,3667136,19,0.02,0.02,182,0
20.2,6,0.1433,3484640,3484640,20,0.07,0.07,337,0
26.9,7,0.0336951,3748472,3748472,4,0.0,0.0,60,0
21.1,1,0.316524,3724110,3724110,15,0.05,0.05,766,0
23.7,6,0.0920719,3427740,3427740,12,0.01,0.01,377,0
22.1,4,0.00469688,3276398,3276398,19,0.03,0.03,450,0
25.5,6,0.0438304,3351221,3351221,18,0.01,0.01,418,0
23.4,7,0.0794922,3363347,3363347,14,0.02,0.02,415,0
24.6,6,0.073634,3633046,3633046,13,0.01,0.01,228,0
19.9,0,0.0807597,2417655,2417655,31,0.08,0.08,559,0
25.3,6,0.0199428,3605006,3605006,7,0.01,0.01,258,0
20.6,2,0.0675044,3664085,3664085,14,0.06,0.06,187,0
25.3,7,0.0543974,3560815,3560815,10,0.01,0.01,294,0
20.3,7,0.178793,3552671,3552671,15,0.07,0.07,304,0
22.1,6,0.14244,3609118,3609118,11,0.03,0.03,248,0
23.7,8,0.18619,3476133,3476133,12,0.01,0.01,341,0
27.0,6,0.0110021,3726446,3726446,10,0.0,0.0,99,0
22.7,0,0.0440685,3508131,3508131,22,0.02,0.02,332,0
26.6,6,0.0141892,3713287,3713287,8,0.0,0.0,121,0
25.9,5,0.0170586,3764807,3764807,9,0.0,0.0,29,0
21.8,2,0.13962,3741145,3741145,26,0.03,0.03,73,0
24.7,6,0.0302126,3648469,3648469,11,0.01,0.01,203,0
28.6,6,0.000661303,3667477,3667477,4,0.0,0.0,181,0
22.0,0,0.0707555,3306214,3306214,19,0.03,0.03,433,0
26.7,7,0.00838777,3293831,3293831,7,0.0,0.0,438,0
24.8,7,0.00892726,3612848,3612848,6,0.01,0.01,241,0
18.3,0,0.382013,2456651,2456651,108,0.17,0.17,797,0
20.8,1,0.113249,3463371,3463371,19,0.05,0.05,355,0
19.7,0,0.317019,3409432,3409432,32,0.09,0.09,386,0
26.9,7,0.0336951,3748472,3748472,4,0.0,0.0,60,0
19.5,0,0.365406,3024691,3024691,21,0.09,0.09,19,0
22.5,7,0.0216789,3465690,3465690,17,0.02,0.02,352,0
27.0,6,0.00406748,3519453,3519453,12,0.0,0.0,324,0
20.4,0,0.0539712,2469737,2469737,56,0.06,0.06,527,0
21.2,0,0.0556687,2422638,2422638,25,0.04,0.04,556,0
26.2,7,0.00220122,3698474,3698474,12,0.0,0.0,142,0
22.4,4,0.125694,3599541,3599541,21,0.02,0.02,266,0
23.2,2,0.052939,3709453,3709453,19,0.02,0.02,127,0
25.7,8,0.0735965,3720358,3720358,3,0.0,0.0,109,0
22.2,0,0.0826574,3402203,3402203,35,0.03,0.03,394,0
26.3,9,0.0244183,3694458,3694458,4,0.0,0.0,151,0
25.8,7,0.00450357,3713008,3713008,6,0.0,0.0,122,0
24.8,4,0.0248379,3613391,3613391,16,0.01,0.01,240,0
22.4,3,0.0518773,3760958,3760958,9,0.02,0.02,693,0
20.8,1,0.16299,2466507,2466507,44,0.05,0.05,531,0
20.8,2,0.110815,3605760,3605760,30,0.05,0.05,256,0
27.1,6,0.0155717,3324251,3324251,8,0.0,0.0,428,0
20.3,4,0.152524,3753721,3753721,18,0.07,0.07,52,0
22.3,8,0.0463391,3289351,3289351,7,0.03,0.03,442,0
19.8,3,0.137029,3723816,3723816,13,0.08,0.08,779,0
20.3,0,0.122189,3008362,3008362,30,0.07,0.07,520,0
21.4,7,0.146813,3736505,3736505,8,0.04,0.04,83,0
21.5,4,0.134638,3711784,3711784,40,0.04,0.04,124,0
22.7,7,0.0616999,3617959,3617959,11,0.02,0.02,238,0
17.3,0,0.235406,2031345,2031345,51,0.26,0.26,689,0
16.9,2,0.274656,3275443,3275443,20,0.32,0.32,452,0
22.2,8,0.0299476,3015694,3015694,8,0.03,0.03,515,0
30.6,5,0.00106595,3733862,3733862,4,0.0,0.0,87,0
19.8,3,0.0957247,3768619,3768619,18,0.08,0.08,813,0
25.4,8,3.07214e-05,3102709,3102709,13,0.01,0.01,492,0
23.0,0,0.112573,2256004,2256004,57,0.02,0.02,616,0
26.8,8,0.00626119,3638576,3638576,6,0.0,0.0,214,0
28.9,7,0.000222501,3684737,3684737,7,0.0,0.0,162,0
24.3,1,0.00347209,3562830,3562830,18,0.01,0.01,290,0
20.8,5,0.214825,3684352,3684352,14,0.05,0.05,164,0
21.7,2,0.0536154,3656925,3656925,28,0.03,0.03,776,0
22.9,3,0.00537336,3389197,3389197,32,0.02,0.02,406,0
24.7,2,0.0382611,3752441,3752441,12,0.01,0.01,736,0
24.5,6,0.000297692,3409434,3409434,12,0.01,0.01,386,0
18.9,0,0.113543,2136818,2136818,97,0.13,0.13,829,0
27.5,6,0.00138759,3744562,3744562,9,0.0,0.0,67,0
22.4,6,0.165473,3694778,3694778,12,0.02,0.02,147,0
25.4,9,0.0138297,3698570,3698570,4,0.01,0.01,178,0
24.7,6,0.0211059,3756946,3756946,7,0.01,0.01,44,0
24.2,6,0.0373422,3552654,3552654,10,0.01,0.01,305,0
22.6,7,0.084916,3648764,3648764,12,0.02,0.02,201,0
23.1,7,0.034649,3709924,3709924,4,0.02,0.02,126,0
26.8,7,0.0162078,3698845,3698845,4,0.0,0.0,141,0
21.2,0,0.0556687,2422638,2422638,25,0.04,0.04,556,0
22.5,6,0.103217,3763272,3763272,8,0.02,0.02,30,0
25.1,5,0.0138323,3689273,3689273,13,0.01,0.01,161,0
21.1,2,0.248193,3715513,3715513,16,0.05,0.05,721,0
21.6,6,0.144426,3249704,3249704,11,0.04,0.04,457,0
18.1,0,0.0920815,2066063,2066063,120,0.18,0.18,669,0
25.3,6,0.0260372,3444372,3444372,9,0.01,0.01,370,0
25.1,9,0.143223,3666626,3666626,4,0.01,0.01,185,0
20.0,1,0.196219,3560922,3560922,17,0.08,0.08,293,0
22.4,7,0.162496,3561031,3561031,7,0.02,0.02,292,0
27.6,6,0.000161065,3752572,3752572,14,0.0,0.0,55,0
19.9,1,0.076602,3634389,3634389,26,0.08,0.08,223,0
26.6,8,0.0108532,3548529,3548529,10,0.0,0.0,313,0
20.6,0,0.209354,2467347,2467347,32,0.06,0.06,530,0
22.7,6,0.0599725,3759714,3759714,17,0.02,0.02,37,0
24.2,1,0.0223369,2209215,2209215,23,0.01,0.01,628,0
21.6,0,0.0812573,3459306,3459306,30,0.04,0.04,357,0
23.9,0,0.130842,3566463,3566463,21,0.01,0.01,804,0
23.6,5,0.00695551,3674659,3674659,21,0.01,0.01,168,0
21.5,0,0.0579542,2375657,2375657,37,0.04,0.04,583,0
23.6,6,0.0430556,3147579,3147579,20,0.01,0.01,478,0
24.7,2,0.0382611,3752441,3752441,12,0.01,0.01,736,0
20.7,1,0.0947739,2277830,2277830,66,0.05,0.05,612,0
24.7,8,0.0118074,3739389,3739389,5,0.01,0.01,79,0
20.2,0,0.149695,3076899,3076899,33,0.07,0.07,499,0
28.7,7,0.00441937,3374390,3374390,10,0.0,0.0,409,0
26.5,7,0.0154395,3179365,3179365,6,0.0,0.0,461,0
26.6,6,0.0141892,3713287,3713287,8,0.0,0.0,121,0
26.8,8,0.0228844,3638240,3638240,5,0.0,0.0,218,0
28.4,3,0.000330436,3332535,3332535,9,0.0,0.0,425,0
19.2,0,0.164048,3548659,3548659,84,0.11,0.11,6,0
27.5,6,0.017912,3072291,3072291,15,0.0,0.0,500,0
24.5,7,0.0382281,3638287,3638287,7,0.01,0.01,217,0
24.2,8,0.161434,3726654,3726654,7,0.01,0.01,98,0
21.3,5,0.251331,3762126,3762126,11,0.04,0.04,31,0
24.0,4,0.0824436,3762164,3762164,9,0.01,0.01,695,0
23.1,0,0.199083,3565395,3565395,11,0.02,0.02,817,0
19.3,0,0.191221,3174207,3174207,33,0.1,0.1,4,0
20.8,6,0.241892,3739152,3739152,8,0.05,0.05,80,0
26.0,1,0.00523263,3005896,3005896,14,0.0,0.0,521,0
21.9,5,0.0991354,3759354,3759354,5,0.03,0.03,38,0
24.3,7,0.0403686,3696195,3696195,10,0.01,0.01,143,0
25.0,6,0.0187898,3611400,3611400,5,0.01,0.01,244,0
18.9,6,0.14126,3767244,3767244,5,0.13,0.13,24,0
23.7,7,0.0804213,3634275,3634275,7,0.01,0.01,224,0
22.4,7,0.0600631,3689351,3689351,12,0.02,0.02,160,0
23.0,8,0.0653132,3566465,3566465,10,0.02,0.02,288,0
20.4,0,0.0538301,3283835,3283835,54,0.06,0.06,8,0
20.5,0,0.232945,3289740,3289740,31,0.06,0.06,443,0
23.0,5,0.0949569,3673983,3673983,11,0.02,0.02,170,0
27.4,9,0.00189732,3596043,3596043,4,0.0,0.0,268,0
22.4,2,0.305843,3662198,3662198,13,0.02,0.02,189,0
23.3,5,0.018281,3429818,3429818,15,0.02,0.02,375,0
22.6,7,0.0161531,3585467,3585467,5,0.02,0.02,278,0
26.6,7,0.00093191,3655974,3655974,5,0.0,0.0,776,0
25.4,7,0.0166216,3736515,3736515,7,0.01,0.01,83,0
20.5,1,0.151998,3024696,3024696,12,0.06,0.06,510,0
18.7,0,0.197366,3174193,3174193,26,0.14,0.14,18,0
23.2,7,0.038182,3465534,3465534,9,0.02,0.02,353,0
22.0,1,0.0479033,3620670,3620670,25,0.03,0.03,237,0
22.3,0,0.0246823,3687148,3687148,40,0.03,0.03,777,0
22.8,5,0.0353657,3067589,3067589,14,0.02,0.02,503,0
24.5,7,0.0506822,3536565,3536565,8,0.01,0.01,319,0
26.5,6,0.0151862,3744802,3744802,7,0.0,0.0,65,0
23.7,8,0.0465933,3267067,3267067,10,0.01,0.01,454,0
27.8,7,0.00140372,3645307,3645307,9,0.0,0.0,208,0
21.2,6,0.0667857,3684008,3684008,6,0.04,0.04,165,0
23.5,7,0.140674,3634129,3634129,11,0.01,0.01,226,0
22.9,2,0.101081,3428255,3428255,12,0.02,0.02,376,0
24.0,7,0.0264789,3761030,3761030,9,0.01,0.01,35,0
21.0,1,0.218349,3283950,3283950,17,0.05,0.05,446,0
20.5,5,0.0682463,3726020,3726020,34,0.06,0.06,102,0
22.6,2,0.167715,3484839,3484839,14,0.02,0.02,336,0
19.0,1,0.089119,2418198,2418198,27,0.12,0.12,558,0
25.8,7,0.0691428,3761353,3761353,5,0.0,0.0,33,0
24.0,8,0.015109,3013651,3013651,11,0.01,0.01,518,0
27.4,7,0.0147558,3738915,3738915,10,0.0,0.0,82,0
21.5,2,0.13285,3674103,3674103,16,0.04,0.04,709,0
26.2,3,0.00516848,3736504,3736504,18,0.0,0.0,83,0
21.2,0,0.0861968,2434500,2434500,43,0.04,0.04,550,0
22.4,2,0.0176588,3591884,3591884,13,0.02,0.02,272,0
23.8,0,0.0515902,2483656,2483656,41,0.01,0.01,758,0
19.5,0,0.364596,2483408,2483408,27,0.09,0.09,692,0
29.1,6,0.000786163,3160748,3160748,8,0.0,0.0,473,0
25.8,6,0.00120536,3694462,3694462,13,0.0,0.0,150,0
22.5,1,0.0413485,3117468,3117468,22,0.02,0.02,737,0
20.1,5,0.172999,3768606,3768606,8,0.07,0.07,23,0
24.3,7,0.031401,3467750,3467750,12,0.01,0.01,348,0
22.9,7,0.167013,3685635,3685635,5,0.02,0.02,163,0
19.4,0,0.0820877,2376848,2376848,51,0.1,0.1,582,0
24.5,9,0.128749,3548663,3548663,6,0.01,0.01,312,0
22.3,0,0.0118552,3127391,3127391,49,0.03,0.03,485,0
26.9,7,0.00602602,3747315,3747315,5,0.0,0.0,61,0
22.6,5,0.0171663,3764822,3764822,3,0.02,0.02,29,0
22.0,7,0.0356267,3652856,3652856,13,0.03,0.03,199,0
18.3,0,0.29933,3131064,3131064,93,0.17,0.17,483,0
22.6,8,0.0484072,3289739,3289739,10,0.02,0.02,442,0
21.5,2,0.243116,3591642,3591642,11,0.04,0.04,274,0
28.6,7,0.00403207,3612646,3612646,5,0.0,0.0,243,0
18.2,5,0.113972,3726021,3726021,29,0.17,0.17,101,0
25.1,8,0.018452,3412892,3412892,8,0.01,0.01,380,0
26.3,7,0.00431893,3702310,3702310,11,0.0,0.0,138,0
24.4,8,0.0944527,3729845,3729845,5,0.01,0.01,93,0
20.4,0,0.072888,2488803,2488803,43,0.06,0.06,729,0
23.4,5,0.017615,3746620,3746620,9,0.02,0.02,62,0
25.6,5,0.0193647,3293790,3293790,10,0.01,0.01,439,0
20.4,2,0.0641822,3702966,3702966,18,0.06,0.06,137,0
17.4,0,0.0913315,2141354,2141354,159,0.25,0.25,772,0
26.9,7,0.0013246,3620677,3620677,8,0.0,0.0,236,0
20.0,0,0.287685,3727274,3727274,38,0.08,0.08,96,0
24.5,6,0.0276206,3670038,3670038,10,0.01,0.01,179,0
23.0,8,0.0461264,3535791,3535791,11,0.02,0.02,319,0
26.3,8,0.0404713,3394709,3394709,6,0.0,0.0,400,0
24.3,7,0.00336216,3092296,3092296,12,0.01,0.01,500,0
19.1,0,0.117222,2387871,2387871,45,0.11,0.11,574,0
25.7,7,0.0170424,3690385,3690385,5,0.0,0.0,157,0
25.1,9,0.102196,3694046,3694046,4,0.01,0.01,153,0
20.9,1,0.177145,3552574,3552574,16,0.05,0.05,306,0
20.8,1,0.200319,3407946,3407946,25,0.05,0.05,387,0
20.0,0,0.162998,2439898,2439898,49,0.08,0.08,544,0
22.0,1,0.039743,3405618,3405618,19,0.03,0.03,389,0
16.7,0,0.196605,2162980,2162980,158,0.35,0.35,642,0
29.6,7,0.00317053,3735469,3735469,4,0.0,0.0,85,0
18.8,0,0.235932,2154652,2154652,107,0.13,0.13,694,0
21.2,2,0.0558885,3716433,3716433,52,0.04,0.04,114,0
23.6,7,0.0102789,3605597,3605597,14,0.01,0.01,257,0
24.2,3,0.057864,3762440,3762440,17,0.01,0.01,701,0
26.1,8,0.0137262,3471657,3471657,9,0.0,0.0,345,0
20.4,6,0.0603378,3726511,3726511,14,0.06,0.06,100,0
22.2,5,0.00935383,3596030,3596030,10,0.03,0.03,270,0
26.0,6,0.010158,3177232,3177232,8,0.0,0.0,463,0
24.0,5,0.01005,3177201,3177201,24,0.01,0.01,466,0
28.2,5,0.0018167,3759724,3759724,12,0.0,0.0,36,0
22.2,1,0.0963895,3683466,3683466,8,0.03,0.03,166,0
23.7,3,0.0127891,3725152,3725152,25,0.01,0.01,104,0
24.9,6,0.0111526,3552523,3552523,11,0.01,0.01,307,0
23.1,4,0.0538937,3767009,3767009,12,0.02,0.02,771,0
22.2,2,0.14079,3513745,3513745,15,0.03,0.03,330,0
25.0,8,0.0748122,3740933,3740933,10,0.01,0.01,74,0
25.261,6,0.00190795,3772756,3772756,7,0.01,0.01,22,0
23.0,6,0.0439429,3759000,3759000,10,0.02,0.02,39,0
24.9,4,0.000736007,3607530,3607530,16,0.01,0.01,253,0
19.2,0,0.13164,2259221,2259221,40,0.11,0.11,615,0
19.9,2,0.332641,3666427,3666427,26,0.08,0.08,186,0
21.2,2,0.150454,3761196,3761196,16,0.04,0.04,790,0
21.0,1,0.177776,3401904,3401904,15,0.05,0.05,395,0
22.6,2,0.104347,3423027,3423027,17,0.02,0.02,379,0
22.7,8,0.0747455,3457389,3457389,9,0.02,0.02,358,0
19.5,0,0.182551,3292347,3292347,18,0.09,0.09,440,0
20.3,0,0.190346,3076547,3076547,24,0.07,0.07,501,0
17.2,0,0.078411,2190135,2190135,61,0.28,0.28,633,0
24.1,1,0.00702408,3766966,3766966,21,0.01,0.01,770,0
22.8,6,0.0522968,3644816,3644816,17,0.02,0.02,211,0
23.4,1,0.201877,3441023,3441023,9,0.02,0.02,371,0
20.2,6,0.184462,3062448,3062448,11,0.07,0.07,504,0
23.6,6,0.00508091,3704158,3704158,13,0.01,0.01,129,0
23.8,8,0.0197548,3467048,3467048,13,0.01,0.01,350,0
22.2,8,0.0054831,3405148,3405148,9,0.03,0.03,391,0
25.7,5,2.06111e-06,3177202,3177202,21,0.0,0.0,465,0
23.5,5,5.25386e-05,3703537,3703537,34,0.01,0.01,134,0
21.8,8,0.0707756,3655556,3655556,11,0.03,0.03,191,0
21.0,3,0.054397,3636713,3636713,34,0.05,0.05,219,0
19.9,3,0.0803779,3724206,3724206,56,0.08,0.08,105,0
27.6,5,0.000163588,3468488,3468488,11,0.0,0.0,347,0
20.4,0,0.286779,2452397,2452397,32,0.06,0.06,539,0
22.3,2,0.0528668,3723766,3723766,19,0.03,0.03,107,0
22.4,1,0.00341163,3151655,3151655,22,0.02,0.02,477,0
19.6,0,0.105939,2218017,2218017,51,0.09,0.09,624,0
17.9,0,0.234588,2242187,2242187,108,0.2,0.2,696,0
23.174,6,0.0952113,3774009,3774009,14,0.02,0.02,740,0
22.9,3,0.0351164,3753024,3753024,13,0.02,0.02,747,0
23.7,7,0.00709691,3179348,3179348,17,0.01,0.01,462,0
23.6,6,0.0515679,3608473,3608473,14,0.01,0.01,251,0
24.3,2,0.00180294,3143084,3143084,15,0.01,0.01,479,0
23.7,0,0.0148448,3289746,3289746,31,0.01,0.01,441,0
20.3,0,0.10431,2429736,2429736,32,0.07,0.07,551,0
25.9,8,0.0142738,3609485,3609485,4,0.0,0.0,247,0
19.2,1,0.223726,3402610,3402610,21,0.11,0.11,393,0
26.3,6,0.00597035,3472549,3472549,12,0.0,0.0,343,0
21.0,4,0.149978,3718391,3718391,16,0.05,0.05,111,0
24.7,7,0.0422991,3544949,3544949,20,0.01,0.01,317,0
25.7,4,0.00399468,3725757,3725757,12,0.0,0.0,103,0
23.3,0,0.0155604,3418110,3418110,13,0.02,0.02,731,0
27.1,7,0.00466632,3405335,3405335,9,0.0,0.0,390,0
18.6,0,0.0675992,2255501,2255501,42,0.14,0.14,617,0
27.197,6,0.00223976,3772993,3772993,3,0.0,0.0,21,0
21.0,1,0.261909,3351481,3351481,13,0.05,0.05,418,0
19.6,0,0.226806,3334434,3334434,31,0.09,0.09,831,0
23.1,3,0.00375179,3629117,3629117,29,0.02,0.02,231,0
21.0,1,0.0984179,3426410,3426410,16,0.05,0.05,378,0
23.7,6,0.0752783,3560054,3560054,7,0.01,0.01,295,0
20.9,5,0.220645,3732686,3732686,58,0.05,0.05,90,0
27.9,7,0.00198414,3545973,3545973,12,0.0,0.0,316,0
24.3,7,0.0222117,3127399,3127399,12,0.01,0.01,484,0
23.8,6,0.14634,3338137,3338137,15,0.01,0.01,421,0
19.4,5,0.0506398,3466069,3466069,30,0.1,0.1,351,0
17.2,0,0.192174,2153271,2153271,175,0.28,0.28,653,0
26.1,7,0.00130659,3561024,3561024,10,0.0,0.0,293,0
21.1,1,0.186385,3691589,3691589,26,0.05,0.05,155,0
18.8,0,0.430723,2474425,2474425,56,0.13,0.13,723,0
19.0,1,0.089119,2418198,2418198,27,0.12,0.12,558,0
24.5,5,0.00122879,3694529,3694529,29,0.01,0.01,149,0
24.5,7,0.0157152,3648643,3648643,12,0.01,0.01,202,0
24.9,6,0.0187586,3694127,3694127,8,0.01,0.01,152,0
23.174,6,0.0952113,3774009,3774009,14,0.02,0.02,740,0
21.9,6,0.177321,3755504,3755504,8,0.03,0.03,47,0
24.4,7,0.125437,3730579,3730579,7,0.01,0.01,91,0
24.5,6,0.0247104,3274691,3274691,9,0.01,0.01,453,0
27.1,7,0.000461924,3719182,3719182,6,0.0,0.0,110,0
24.5,7,0.104643,3609839,3609839,8,0.01,0.01,246,0
20.9,5,0.227728,3699447,3699447,10,0.05,0.05,140,0
23.0,6,0.0896811,3766334,3766334,5,0.02,0.02,26,0
27.4,6,0.0125843,3765021,3765021,3,0.0,0.0,28,0
23.3,3,0.000213187,3612847,3612847,20,0.02,0.02,242,0
21.5,4,0.204134,3703780,3703780,25,0.04,0.04,133,0
26.207,6,0.00784378,3781708,3781708,1,0.0,0.0,823,0
23.2,6,0.0912527,3483649,3483649,9,0.02,0.02,338,0
24.4,8,0.0554436,3758838,3758838,2,0.01,0.01,41,0
21.8,9,0.288424,3297180,3297180,8,0.03,0.03,437,0
20.097,6,0.136369,3776647,3776647,11,0.07,0.07,815,0
24.3,9,0.0156207,3756748,3756748,2,0.01,0.01,46,0
23.1,7,0.0883269,3292264,3292264,18,0.02,0.02,440,0
25.5,7,0.0641647,3691354,3691354,11,0.01,0.01,154,0
23.4,0,0.0617594,3523944,3523944,40,0.02,0.02,321,0
29.2,7,0.000565374,3745511,3745511,12,0.0,0.0,63,0
25.5,7,0.0289102,3715994,3715994,10,0.01,0.01,114,0
24.7,5,0.0597776,3652982,3652982,16,0.01,0.01,198,0
28.5,5,0.00100317,3744560,3744560,3,0.0,0.0,66,0
